"","Model","C_Index","Logrank_Chi2","Hazard_Ratio","Num_Weights"
"risk_scores","survNPDR",0.703649558815851,30.5173547489428,1.22381342319514,30
"risk_scores1","Cox Regression",0.668876938338641,23.9738463511873,1.16366496067041,30
"risk_scores2","Survival SVM",0.342139612593327,21.4461784483537,0.997071179617154,30
